feature_1,feature_2,feature_3,feature_4
54.96714153011233,34.480347947986175,103.18250031048085,-64.50617931949928
48.61735698828815,28.931846908707918,95.78952726942113,-52.91928204218566
56.47688538100692,28.536594540104332,105.02957155201423,-58.54491304811514
65.23029856408026,29.38046539351226,127.38098183177011,-55.79186027737931
47.658466252766644,27.320349694451274,76.38078583599543,-44.87570063009785
,25.796742142362845,97.45019793474577,-54.33603827600765
65.79212815507391,37.37203017767562,131.59631106377006,-63.36194670798572
,32.01303265417439,107.17780827237627,-65.41086723622091
45.30525614065048,27.900391646921914,97.202968965625,-39.89180087121511
55.42560043585965,25.036624160126983,120.22690224798488,-57.78122369494904
45.365823071875376,29.269881864109315,74.656047500061,-45.83400401557123
,23.659349255610714,83.05815714293271,-38.71371922658648
52.41962271566034,36.5861157209565,97.1478219334477,-58.85544055858159
30.86719755342202,11.987659686263171,52.335364095755395,-37.85278847898698
32.75082167486967,25.055229853261082,73.79639176905683,-35.6688183065997
44.377124707590276,23.178116271108376,86.81598802745252,-39.18523045249369
39.87168879665576,16.67875438025564,77.09822918020541,-47.46841917403997
53.142473325952736,24.15180749270476,86.24632300783793,-67.30325131650558
40.91975924478789,18.858143081422345,88.19369879166804,-43.175553536832886
35.87696298664709,20.059311225333126,59.36134202475945,-33.11825898709248
64.65648768921554,34.94242128478527,129.91230168109436,-58.655178940521395
47.74223699513465,21.002618477874428,98.25824336985121,-50.05804380556164
,25.215868062134707,114.95715005214498,-52.732415082459255
35.75251813786543,28.587610861992033,58.41683228453974,-29.983014466586692
44.556172754748175,30.915802227877645,58.91722395128809,-53.90488125322528
51.10922589709866,27.73623129691949,104.05694724173426,-53.05182977301371
38.49006422577697,19.435049503729488,94.98524026666247,-37.53794477615168
53.75698018345672,27.478646725319667,119.90342389630781,-51.51088657703155
43.99361310081195,25.06439641405806,90.08382035437016,-46.542646566766365
47.083062502067236,18.427568425041592,89.249763147814,-46.91085744353803
43.98293387770603,20.70458425173629,96.03709372178517,-56.42457064477098
,25.918470553156745,127.31010169313409,-71.81402390675862
,26.92862948933673,104.49363319880351,-47.59748418984832
,22.947425053734207,83.90048301254828,-44.3343608817144
58.22544912103189,26.696792249019076,127.05299731705259,-57.93052801308391
,26.765715566595052,103.17972738969033,-35.557200996276286
52.08863595004755,19.91548966001207,108.10143157188278,-53.80138195433638
30.403298761202244,7.879774979552022,55.7169612653295,-29.55097990621939
36.71813951101569,19.481328848307705,73.18053590011144,-41.531802337438755
51.96861235869123,31.219797692406388,86.24646566849128,-53.001668757171466
,37.1119713572664,107.82220028901763,-54.333584952007996
51.7136828118997,23.56242009160515,99.33454124266837,-50.92881800705753
48.843517176117594,29.815162755215276,92.44615037288926,-51.776173523937274
46.98896304410711,23.301939174550018,95.50147480855144,-45.867881022653144
35.214780096325725,16.744253548458765,62.205360868829445,-31.641731143142636
42.801557916052914,25.81907864545982,96.81342250535054,-53.051264308940304
45.393612290402125,25.95842053726816,90.78929522998622,-39.598241965622634
60.57122226218916,22.403650346173333,121.04944131299206,-62.25249595559452
53.43618289568462,34.100793196471784,103.59341862624005,-51.308733229483465
,23.08525599392359,66.29110373133511,-26.383363828146525
53.24083969394795,23.492606339426327,114.73266203457224,-60.09920818010028
46.149177195836835,25.05360626510546,83.62705223456467,-49.696382207974565
43.23077999694041,24.0855409298839,79.88039510312827,-44.673523476318934
,29.361750273323874,109.19626548905072,-60.03553049403082
60.30999522495951,27.403471843252653,107.16128121518686,-51.63531234577547
59.31280119116199,26.298283755890736,110.433023785109,-63.59666166029595
41.607824767773614,20.67614202892958,78.45344080010064,-44.385558665207945
46.907876241487855,29.31758321704075,102.55964429010298,-45.88593108347297
53.31263431403564,29.37431792998998,109.25088191809054,-59.323381944416084
,28.024653975181266,121.44680165612263,-61.73385483000491
,26.462622364015274,98.92549486477392,-43.62099131529622
48.14341023336183,9.828992013530536,94.91310258272969,-49.80771225527438
38.93665025993972,25.212153631830375,81.77794901916833,-39.40358455443946
38.037933759193294,10.32039798570615,75.04364998906162,-40.68459432143515
,27.250424404955332,118.90413994188025,-65.69760976984583
63.56240028570823,26.182850669723393,121.29721399530064,-61.95443422901204
49.27989878419666,18.166542013493803,74.17162598562903,-40.505233425960455
60.03532897892024,35.821798426352714,118.72786633597744,-59.94332082500305
53.61636025047634,24.469674118678714,121.46020186195209,-52.490039664238594
43.54880245394876,23.50692063562796,96.35975893031345,-40.08518867836446
53.61395605508414,26.57237513314615,116.88188695607998,-59.960608537817635
65.38036566465969,35.07538696844546,143.12203854738155,-56.867792374011664
,25.20497925975152,100.17005512741535,-48.63009562678648
65.64643655814007,26.408257158127185,133.2660301903361,-57.48715206269452
23.802548959102555,16.88260857678698,41.42857896386161,-27.467713936722504
58.21902504375224,26.640729606069556,113.27732152723398,-49.12871543096311
50.870470682381715,17.6523258478921,107.89865286247485,-46.9946932122078
47.00992649534132,21.364387442841096,106.0586973623708,-44.24472606607953
50.91760776535502,32.96260283584907,100.44075277390004,-49.74748549358928
30.124310853991073,19.313264137563003,55.74672905946803,-31.36695394436332
47.80328112162488,22.158379888773144,95.61184183181572,-41.800622829255516
53.57112571511746,25.039274335966585,113.15431891952608,-52.86932636587723
,30.78129496762067,115.11933273349491,-74.61428896535094
44.81729781726352,32.79238882643597,66.67278610315466,-50.40323012579854
41.91506397106812,22.86720924669183,78.3247594472204,-42.84429273203186
,24.641423018032665,77.75773486916768,-43.43243464832686
59.15402117702074,34.728427858669576,113.22664037756837,-59.43696362152021
53.287511096596845,27.83770134343099,105.09721900501897,-47.19265714762853
44.70239796232961,21.05598825206129,84.8723118344291,-54.45790728252274
55.13267433113356,26.58458792014189,124.79002400697456,-54.414734648607755
50.9707754934804,25.127381449669883,105.208998632984,-60.06067162041617
59.68644990532889,29.657113770115238,122.37764340676607,-55.88788842790805
42.979469061226474,25.127882248798137,92.18100956288697,-43.45176263343649
,23.621418696047655,82.05842589023695,-44.62532867390173
46.078918468678424,26.70265962041711,102.54895481155954,-50.39833327162725
35.364850518678814,17.278842358796496,69.97205817200303,-28.967525860390058
52.96120277064576,26.873777336903334,112.62721171370364,-47.752579450351504
52.610552721798896,16.314272938238908,94.50253311319624,-49.692831206739456
50.05113456642461,29.607205656724712,84.56468147268858,-50.69872080074181
,25.559506712614226,103.48715391274733,-44.75484223977286
35.84629257949586,22.91319683904619,75.45668041996689,-39.3807554194326
45.79354677234641,8.415496495204758,82.56657800111772,-41.51576847724285
46.572854834732304,33.728300941269794,84.44907885671766,-38.3254503631127
,20.29066551311604,95.20880245971532,-36.624174507887886
48.387142883339905,29.734485525357535,84.88016683800653,-52.03515523237695
54.040508568145384,21.820724648445037,124.5077466688504,-52.23342198177987
68.8618590121053,37.494799031365496,128.71751067773192,-75.32756673089854
51.74577812831839,20.605811248290916,109.87547551272061,-48.883826572440015
52.57550390722764,23.168907150134796,101.86482305696543,-50.32248684291495
49.25554084233833,34.197927190503094,104.54295599550008,-58.60462253999915
30.812287847009586,14.452731919688059,56.183435672877245,-36.6212070665714
49.73486124550783,25.95459498865253,97.84179343029271,-51.15055572922667
,29.651489703148904,101.61379595277775,-52.1066008351144
74.63242112485287,39.794620002289456,139.242967691891,-80.6798058019469
,24.79028970181227,103.5610241585788,-46.13149670542786
53.015473423336125,28.33254172399919,100.8988111819564,-51.758105378633566
49.65288230294757,36.84351907766516,97.01976545249495,-50.624227962840166
38.31321962380468,18.868515826734413,66.68294550152423,-42.09217712459649
61.42822814515021,31.71960930614994,97.23311970234731,-56.18469251306739
57.51933032686774,34.01293714347193,113.12838302773379,-49.242294761426265
,34.48278940000515,139.94679315699008,-60.32812688966315
40.90612545205261,26.38821425382821,89.65829378308547,-43.966960037826716
64.02794310936099,35.20762266482642,127.86328242137803,-61.571904782301004
,12.27572012238618,69.33407045207171,-37.771636270812124
55.868570938002705,36.10144313050683,111.96180080412587,-56.565556941318874
71.90455625809979,30.220551163956454,149.28030366795167,-68.20629049947644
40.09463674869312,21.560495700541725,68.38114534429779,-49.64141718622958
44.33702270397228,18.39713210188935,99.81726235463329,-37.74551107970893
,25.17756509247324,109.14684045616526,-50.6331110292297
44.96524345883801,24.12643378093641,97.11234417475536,-47.022709181648914
34.493365689338674,18.8534689219207,73.37148876677462,-34.93953646044592
50.68562974806027,27.45241864520656,101.56742607306045,-50.87348297295768
39.37696286273895,27.75703777666271,85.48253808514609,-48.032969379963575
54.73592430635182,29.63563366074581,115.38998995011741,-47.26123316908564
40.805757657661964,19.18209565237774,78.07110820591369,-40.59912949630887
,37.57010786652948,125.26267037138177,-63.28433339793852
,27.031085982942017,85.35349710589513,-37.40971822376741
46.77938483794325,17.251653343286662,109.04897119083837,-51.88519712574475
58.135172173696695,32.05458643609764,103.87927359085438,-55.767812678520556
37.69135683566045,22.35154212938472,60.707461013796504,-39.029562290154416
52.27459934604129,24.649482156220685,106.19680710444776,-48.04074546995882
,38.41424783797024,126.65173210420875,-73.70756464458177
33.92516765438772,16.212305892031225,69.58375195247953,-34.42063915559407
51.84633858532304,26.551051560019232,106.13220914973108,-54.860441864242844
52.598827942484235,25.43405484982277,102.96563333862042,-50.43751318931346
57.8182287177731,28.98700959679389,130.53509182156702,-55.46800778093209
37.63049289121918,13.33387101113358,59.2519459976732,-41.168622365329306
36.795433869157236,11.197462521607147,65.30589749051201,-40.35630319003745
55.21941565616898,35.58223314420935,109.40628371084748,-55.77274249895562
52.96984673233186,22.25011662457429,89.50780535312205,-57.4530578689079
52.504928503458764,21.295502504447846,103.25131296259681,-48.29501002619813
53.46448209496976,15.965290479466306,123.5436658472197,-55.310518097206995
43.19975278421509,18.405067653660033,86.6083704513898,-57.7346938808233
52.322536971610035,19.545819518767523,106.9520830004069,-54.19664725471907
52.93072473298681,34.67543816717525,93.25980181424782,-58.12344383720667
42.85648581973632,26.47732835658133,79.54935755907786,-51.01286489704105
,30.888120829835167,133.56352641965577,-74.84487830256043
54.73832920911788,38.63134363128049,106.29950745067342,-54.19128684995303
38.08696502797351,23.952309948944727,88.9903680059847,-31.443760886732356
,26.658611125626038,118.70798277992785,-54.999613717013396
40.253183297726785,7.629563074495529,69.39178702608325,-43.28570023880548
57.87084603742452,40.39013588166597,118.20673985916909,-55.591325061571006
61.58595579007404,23.84511556121904,128.15412906511594,-63.881407341168995
41.7931768164829,12.66959467345699,94.98784401817846,-45.26617866229862
59.63376129244322,34.92973280626981,135.07292945057017,-65.40557463360814
54.12780926936498,39.262666666378855,98.10467662045127,-62.886953303123576
58.2206015999449,36.03166489252504,108.33262808778642,-60.170220132742124
68.96792982653947,37.303510513531535,125.36008106393278,-68.17766237693881
47.54611883997129,26.746831128312074,92.75203908887278,-48.02923719004574
42.4626383564251,25.49839697211409,89.58886045731354,-44.5424729961619
41.10485570374477,24.34707080080621,92.08305657338056,-45.833586007228675
,22.326905695019686,82.924284064266,-38.800666191920776
49.228982905858956,25.13549697268886,95.25949057916947,-55.81464250559188
,26.392794234585605,108.34061941882027,-49.53138017894906
,22.613631052316716,97.18238697030016,-57.777993087933815
58.27183249036024,27.73254086084625,137.43905219766822,-62.034008677125414
50.13001891877907,16.60022538841261,84.18342756637756,-57.46394487185746
64.53534077157317,31.77597225181284,130.9180873321036,-67.04235150600135
47.35343166762044,18.733760298055632,114.94292552753728,-42.47686937523055
77.20169166589619,33.08289924686924,154.47138177739237,-74.62355122367642
56.25667347765006,29.027807494592423,110.61295660528518,-51.364562917509886
41.42842443583717,27.674223649641583,79.28239464357007,-38.81771170616749
,24.237120539706005,76.77823322115367,-44.80942416204073
54.824724152431855,19.55985905810004,123.37793305162901,-56.47867027406964
47.76537214674149,18.93454539051906,73.41212518018791,-51.666367792328806
57.14000494092092,33.27385841040154,129.6143468948051,-50.48713042072572
54.73237624573545,22.453751155176178,95.22518096696945,-60.71631947786701
49.271710873431275,23.512689686730514,95.8768984545184,-44.80322242648572
41.532062819315954,23.516291904780736,78.77168143564529,-37.06729346877211
,12.584041602252501,75.5885882039899,-25.703426744560918
45.53485047932979,23.294302770394694,75.08845743982211,-47.583283442477274
58.56398794323472,22.611866497026337,121.74970254728888,-55.00237714533391
52.14093744130204,23.063630500894952,124.52497111547261,-40.732678258607834
37.54261221288012,20.370215777152747,61.45348437983214,-40.630820597548606
,17.90093596159756,105.36068019312759,-59.40701049617361
53.85317379728837,29.12896058844618,101.08652581661065,-63.25322396682719
41.16142563798867,20.48252382436093,86.5817233379077,-37.597865493682015
51.53725105945528,28.53107530181338,103.26597989306808,-60.9530020997482
50.58208718446,26.410614262553306,94.74930527847691,-52.44368244914961
38.57029702169377,26.105850660716104,82.01931689209827,-36.38373108649896
53.577873603482836,27.415059314980954,125.1992283048331,-52.65199591933327
55.60784526368234,25.656894926214907,109.3066526100917,-53.48062094276148
60.83051243175277,31.026743731037804,128.85860428498736,-59.719063152748504
60.53802052034903,32.985500405356454,108.14331146198643,-54.14369145378206
36.22330632042909,18.355953511843065,62.88224887267809,-40.984888224123075
40.62174960084877,20.5138332564438,85.96756198050132,-44.00672529314143
55.1503526720866,24.06521789700952,125.14186562953284,-59.01364989844072
55.13785950912209,24.2544251668063,113.83185250610077,-50.986900449809035
55.150476863060476,20.56221207253177,107.1703734208894,-50.64848392108516
88.5273149065472,53.0115411692083,177.04754386732796,-86.27118830995467
55.70890510693167,21.635136376509408,98.91373287416616,-49.79143677248203
,27.213302211923455,128.75646606716563,-67.2458607386879
59.54001763493202,26.177972489620025,127.90336589309814,-51.203897077176336
56.51391251305798,32.7315781412512,108.50692169778516,-48.89771940449669
46.84730755359654,21.948905385338133,88.99419362959807,-43.16919756736781
57.589692204932675,35.033556465835005,117.83816670638583,-48.680697661077375
42.27174785462428,17.7684208060928,80.17629834884261,-50.55486389301315
47.63181393259991,25.210877777418965,94.6023017189416,-50.25405461391317
45.14636452170897,18.396446994555696,111.2899469350831,-48.82288182511873
,36.13511633579856,99.16722578026649,-47.21134477507651
73.14658566673509,30.635300738219982,142.70976981325796,-78.39728936474582
,17.212777588176397,56.179278091813444,-27.53987232739509
56.86260190374514,31.60018535653306,121.16712352248965,-50.00992118376157
33.87284128810348,19.005416131309232,65.93344084402592,-30.396826787683484
45.280681342105666,21.71390237666429,84.06763230099708,-43.86192622379816
60.889505969673664,29.7956494861697,134.99205226207744,-65.8288726741774
50.64280019095463,25.540457455372863,115.48163042704563,-54.877055021581455
,18.876266102211027,72.44086878402682,-32.9744576942236
42.84696290740032,26.24287703767471,67.02852630119447,-38.950217887873656
56.79597748934676,39.45060375263014,123.66709187706275,-56.99107508623448
42.69633368282863,18.560707916375147,78.54636910805722,-44.78588141165808
52.16458589581975,19.233278050014484,112.23542778326718,-62.29362526137663
,24.786448957762797,81.21039862095793,-55.80998049246033
,34.64054495024251,95.89396643087676,-33.92690108824321
71.43944089325326,31.70134760677798,130.76716249369872,-77.84171874826559
56.33919022318011,36.36517913881039,119.98602163702547,-55.39179111707471
29.74857413342393,23.26279113709417,59.6398789452122,-24.711354267447938
51.86454314769428,23.164330365307165,94.18969210142211,-58.13915648770574
43.38213535231612,24.535983072084438,82.69390757536443,-42.4585829784107
,37.40414978962381,123.91185126549149,-53.834755660408966
42.07479261567299,19.14175760289906,85.20852976249833,-42.01229600613674
,23.408415992153696,103.54940097538686,-34.51062030699717
55.049872789804574,24.61653182515907,129.864151424764,-63.39286908419555
,24.254992317386275,101.67268776629192,-53.36390929228182
,15.752130239391086,92.16619760857071,-38.861044616424564
46.654987641590516,17.207792486983976,94.35353465841317,-42.79538686740714
45.25054688839044,22.79569078549135,81.5132532935496,-43.04401112989421
43.46670767426288,17.883487681838233,73.63027909113586,-47.132488659812864
67.65454240281097,34.99620076035922,133.4178808978516,-66.50956044051428
54.049817109609556,19.245430323786643,117.31613533846371,-63.33932436660099
37.39116045664955,20.349981389397062,73.50682970952376,-34.374922953792584
59.17861947054776,33.7569545433185,133.46878824356898,-57.68782714059513
,25.642102772205888,127.93136703973707,-68.02826112691082
60.32465260551147,32.0326091519936,120.5284157325624,-55.034060980075715
34.80630034045986,23.541495132596392,57.088666236788534,-32.968201139411306
45.15765927133749,16.530624542212717,93.95163736892465,-44.417212172346105
,39.69741768012163,134.20709688470546,-67.07445317517269
42.923305343812196,23.556747718736325,81.63899275081386,-46.48440916205745
54.43819428146229,23.6940378619391,82.83424999665323,-48.50452118057563
57.74634053429337,28.594324878858153,117.48216253655168,-50.56466350576348
40.73069528421917,23.156982204718197,85.82877608577344,-41.921247465779444
49.404746439382,25.082400176753058,102.85244042838097,-49.17473270311563
,11.487443261886483,47.53247511684009,-22.110398474278107
39.756123586657104,15.27469382793172,68.80171037682372,-33.89233936031988
47.4743184860684,24.58396336321459,101.75079802664129,-44.14723436760951
37.52216818035151,11.692511605650854,86.96941148548277,-27.81608099803276
,32.605926212914675,114.86235023856756,-70.71572842521505
35.69858622039367,13.329754902872887,74.59369069997712,-37.58862571548476
45.599555133030165,19.122127853566248,86.15731195598362,-44.442325520402306
51.30740577286091,31.83416876248264,101.79958481470536,-48.07495808423206
64.41273289066116,37.66291704830193,132.30223061670569,-65.49107107839933
,20.866379848638687,66.41047133527569,-40.0061839404741
61.63163752154959,25.354254937411902,116.50619425148307,-57.224599876931734
50.10233061019587,23.469123056623925,100.54618539527199,-46.496653797467964
40.18491348952049,26.15794524465616,69.49736759041295,-44.76628399233911
,28.019101939515878,98.38381819641356,-47.84382073710523
51.9905969557347,37.591946177775824,110.77492674103443,-46.139603409751686
43.99783122841205,23.965504811177887,76.50772210523755,-43.32634874217309
50.69802084990019,26.30925600740025,108.05916670889249,-50.30003153802001
46.1468640313824,21.527849694678693,96.9196409913043,-43.37657517580286
51.13517345251248,26.235291250167652,85.01227961711899,-55.443688803793776
56.62130674521046,27.548304190702513,106.46696696706437,-56.47114934939005
65.86016816145352,36.47062746416971,143.66143035338075,-76.62208588449941
37.62184501173151,23.594434089838675,65.4320347120662,-33.239566784216834
71.33033374656267,31.735219570741588,138.01662487003148,-79.13779985877197
,8.5833962345986,65.57885294206893,-22.962022862629986
,15.0600476593056,104.79820319211429,-50.13274951947641
55.88317206484576,30.481542666985597,109.25095526924656,-56.94150697450164
52.809918677350325,20.888126307805795,99.64473540778424,-55.94858820777285
,11.122049436134615,101.7697082205732,-45.21319917140444
47.918777496427246,25.902281770868445,113.22655163083029,-40.82612077068706
,34.99999291386979,99.9285618146413,-57.50903393608707
44.106352430557884,22.022821657579474,89.065886286766,-37.72152550011695
58.49602097021025,33.44046435736334,108.90938472401125,-56.805903564701715
53.57015485965047,27.19422422256306,98.8358656537353,-59.60526309893655
43.070904047393455,21.041003757741013,91.36694914744449,-48.447466012639644
58.995998754332504,34.09338179210509,122.17597971755184,-50.61403361829149
53.072995208766095,25.08512488343979,120.16197634699648,-57.80052960847975
,30.401272164554314,122.7617433021406,-63.8953737413694
56.29628841923612,29.756633240598127,97.56177382087407,-50.60971570741247
41.710049890779274,17.514572677174392,93.93957595878773,-40.017285509349705
44.39818959803031,27.159306546697767,78.81577292291648,-49.0878174807123
,27.861669242139264,111.10615938294171,-56.38981117420952
56.10370265433465,24.2731255297031,114.70940737118624,-61.232466072536035
,27.578041248031276,119.53864301855668,-44.286877068245495
51.17327383308782,21.09429700758872,133.44573322622924,-45.866419008722154
62.77664895788425,31.529230265787767,131.62052850713033,-60.11661796377453
44.0842861116417,21.996548072599833,86.33660603607953,-42.27598080540662
55.470973811700375,33.16496473500808,116.28700410820625,-46.665033187363505
47.97807347566106,26.362527902230294,104.83270121006049,-47.979641838719935
47.8231879677278,23.786459190138178,92.43969967988367,-53.7325585948318
60.987768519871906,34.582715755937386,139.92765059886705,-58.740398955710376
58.2541634898803,36.078119490026715,118.80903457167462,-47.823928242194725
58.135096360006386,31.856599711762506,121.24762361092671,-63.20889382593565
63.05478807154329,31.57915713498855,132.7688186636312,-64.86210190501322
,18.545838046412996,104.63594293879974,-48.12780822582033
56.81952971294964,23.084196541097956,122.0284644305954,-57.08905395797834
46.89733243406544,21.92254269525938,87.62213300266164,-51.808850335952016
,23.573270751645797,100.90030951030855,-47.632374243732066
48.698569456323156,23.41442821323435,86.39559658292936,-37.09836584623686
50.96995964992718,25.768229449449127,106.33493160605663,-49.98930235480765
55.95157025436914,30.624248898968222,119.69250554385941,-60.471911703049145
41.81779316766527,20.55640269353718,88.2133149968494,-49.56259579293265
70.9238727568546,37.89444459755831,158.5926698471846,-69.6339928507487
39.93982618500298,20.29228516655209,79.82369218171549,-34.42043946842169
37.85811387212268,9.051724104291983,82.40364430017048,-35.48227513964577
61.581108735000676,26.093877398406566,112.2452087086082,-61.59312793959494
57.91662693962936,28.237875691206604,111.9622568545147,-60.86298519857589
56.24119817052155,22.072125371055236,119.43777391670088,-61.702016334111995
56.2834550926428,31.141371196302423,121.05793129271703,-52.10969846101838
,32.592520297483915,96.81539506641988,-45.30867416460293
41.02745628514168,26.607537401057424,81.3389200517027,-48.75610521859535
50.75804558193726,24.31180843631759,86.33735369706642,-42.80885069103384
43.22838288487888,29.0678221266892,82.88647376169168,-40.35802678040888
59.75119733417751,30.618935953099314,128.4062263035529,-52.75322410844854
48.52942618497861,22.57928323689911,102.81090253102289,-55.240064927404184
41.745028032074885,17.805500698332743,88.49671327796186,-48.57414880915208
,21.88072235929439,94.07002003874973,-47.53098813230655
54.12931454275625,25.123773178671982,108.32926067179426,-51.61539240828028
44.36275447196025,23.033458347857565,82.12229754918603,-35.38095035732543
41.77779604433569,21.691767927417168,90.54387629069672,-38.24740147526003
52.436872114919126,26.233666158226637,109.08347367373214,-53.65027849897929
52.44966571108723,28.40952370427536,109.81951990210244,-57.58151174941669
44.9305682462887,28.418515497076058,84.6007880659016,-38.78056538269295
,27.392579149115008,69.04580468892111,-50.11314407257035
,18.735759844538663,115.61252586468967,-44.178156599714754
35.51915658502676,4.989972618003604,66.24993860996948,-36.941079833059305
35.92536225623445,22.634280684313595,63.222966872037695,-27.972451893145198
42.81555778747564,14.573385401660715,92.56590469409122,-39.420901337179245
,22.808937231977346,91.81093056657177,-48.55050593009382
53.10907565598004,20.703972697693224,116.8175151524263,-55.70605751511068
64.75356216949552,23.366878896847663,135.677183834758,-66.45810155622593
58.576596232020194,31.995611757034037,123.98888569604516,-56.435012770144006
,27.996083151696098,83.14167228872611,-48.014832219277146
49.80983792097311,22.022366956852956,111.73911569581023,-52.77889496131664
,7.032141716086407,82.56191801958238,-40.802863405210076
49.8148686400761,22.176212078775634,95.93696588769016,-49.42198349148035
47.113413610798624,25.515726832412046,95.66071189501976,-57.75708408287268
53.227185603380896,19.219034957819805,88.6920188777786,-50.936345029437405
41.727690564476774,21.780644881134165,87.54190924376026,-46.626296688060805
,27.520183325340884,100.09321520300273,-60.96012715844045
65.32738913002578,35.56015206301833,117.12807540161621,-73.76411086557933
,25.05410109978648,82.60120516868395,-57.881861004770876
,22.143213906086928,119.16111819187807,-60.79435473655086
56.90143991711113,34.43357746687802,107.51024589729437,-60.44654470526358
45.987795281141636,22.20124977543597,107.31286766144827,-36.221499593508796
52.24092481810417,25.983939711502426,99.12383500568536,-54.87032319758019
50.12592400781795,20.396622208542993,83.17826843970643,-49.23717347647779
50.97676098548832,23.271969236786607,90.78827757149004,-48.97435405295668
,16.710937510588163,96.89792052296006,-41.61457623036609
50.245101742589426,24.2578205716776,98.93122170581218,-50.63231904621939
54.979982912454496,36.04853385693897,104.47709286000298,-60.956451730450716
64.51143607795042,25.396212324318427,130.6230544144287,-57.25679833655436
59.59270826085207,21.72854714104233,124.20324388337959,-50.55672504266265
,43.121763925025824,154.23763730925575,-79.94511804572899
42.326524371119504,20.11664379980042,99.13804104116826,-47.4466673255514
58.723206367206785,26.01623949030381,113.84872627652271,-60.122258079091814
51.83342005738352,31.116233465672142,90.40636325394665,-56.65610903193448
71.89802933217672,32.92093696740404,139.66140705312068,-69.36820156489739
41.91701714644849,30.088557140958926,86.43683935872583,-45.55837815848155
41.60278157819224,24.191020145792468,73.56797389427838,-30.77750123915923
44.00607354555978,19.563479732051377,78.44063794216913,-38.0533305738418
28.76104275690193,25.16706244477848,60.959964329302714,-27.698172603740854
44.74244978319239,19.342650276579505,88.99837605068028,-39.60751846659373
42.40867338446302,24.914813552278044,85.14531672304192,-36.87917126267648
51.50393786476208,27.2484318344135,95.42292238252347,-54.32367530505329
53.41755975777159,33.21748632587979,104.53111237348551,-57.49864598048141
68.76170839215887,42.1884101797137,128.28108534163468,-68.37099307731063
59.5042383818605,29.912139936259084,127.91046087496888,-55.19605775937078
44.23096344337597,18.348392369957068,98.81442023398947,-43.53566145010888
,22.807787357953792,63.5698279506519,-48.90083569747141
54.919191715065054,24.071019008771998,100.54327482820601,-58.93331393481927
36.797667929793576,28.465770202529903,58.63004330868636,-37.167532247765465
68.31458765854353,34.83997048468545,130.1289359730181,-68.69291568017267
,29.07059284704589,122.75442271652213,-51.93169032326383
45.30824347895295,23.57752326880102,76.1200347609206,-52.23818319094794
32.86865470909122,9.698695906897125,56.5187112869293,-30.340708499911845
63.53872374165413,26.91129167827381,117.03787376249328,-56.09315820001268
48.85460154747382,30.42937031345904,99.78187638893708,-37.497352820359836
,27.90461016501033,125.44976960983173,-64.40015023565442
,11.793306792618466,60.89407129074013,-31.598576148455333
44.00624977046227,24.686388647867567,89.78070826231851,-41.15744798446904
50.05243699718183,30.9547392719059,94.638073148491,-49.075028339415375
50.46980593764742,28.829669522149047,98.22306077203432,-50.96403194384395
45.49934528520756,27.729911071632863,107.73321147340049,-43.319468337707335
,24.33027421889019,125.86160916485345,-68.8897297495734
,12.552844519377807,65.65177904307212,-35.9134482558609
,31.794770834670967,105.44973447836587,-47.94531563147723
51.20295631711899,23.988078964348816,110.51987817915389,-52.31533080101032
55.14438834058749,26.31802908801851,98.8061437936488,-44.9100773619897
57.11614878088889,35.199045099689734,122.42007399932639,-60.49081887484165
38.75357908162131,22.157939587813956,92.88647734736816,-40.76895902694646
34.65885829264378,19.608868006729928,58.09226852284342,-24.701091781620107
62.77676821898509,42.213395833997964,116.37850822782754,-66.93707474323438
53.323140119795916,23.44397890799724,116.82289490802685,-56.07371653447861
42.51513463443446,25.896767957623418,87.7452223771254,-43.25026175158871
,33.04082550209804,136.53780226284567,-61.307847344577475
51.156746342928585,26.92133456578058,105.71938484986214,-50.117733806162015
61.792971840638266,38.53882805238179,127.49290289055797,-68.25609857639958
50.67518481410109,27.87677118849866,88.08564834509134,-53.33602762973703
70.60747924881987,37.9952200196581,151.68813556385422,-73.64425141488093
67.55340842443205,39.13924089876504,146.80271677314184,-67.93951365054728
47.51035851520926,21.930415609890204,92.72680958973825,-45.38114022206012
59.71570950954355,25.661806418076743,118.99664952094848,-57.62468073010369
56.45375949585148,23.00283377782057,97.59644396614573,-65.33381826609349
63.68631557532348,22.011374840781734,132.51517871082532,-58.3666106375192
,30.45641834680109,86.42210520553935,-39.08792116421584
56.86051459998439,22.91421547138378,113.09911902997567,-49.93785436201486
60.58424486849588,29.18585431631908,132.41202333569677,-58.36325323204252
,14.822236068439825,61.48443796173831,-26.905990347090047
38.16741487334225,20.62074092571663,81.98088900562051,-35.834688316091615
,18.88252517389598,49.01871305787684,-22.876549441385254
47.305931655554424,27.955333269575938,94.37634180236647,-44.69467847546553
57.17542255795962,25.67232408613512,112.60730253689088,-57.66499879017414
65.02357052096028,31.676176691548083,132.30022026232996,-53.66139691872587
50.74094780419775,26.783373654540373,97.78662632006193,-46.29576219279829
,31.89962209693872,131.25758495470916,-63.41743335069085
36.198985417851084,26.136220589025505,80.65844255011723,-42.580507500542765
32.96617560644845,18.937962561415482,61.564708840514726,-39.40771369376614
49.44452301103381,28.39665043576599,82.82327501468083,-47.98094560032454
53.840654489393074,30.2347335880336,125.17714802084035,-53.11304850055187
,30.70389554695616,113.16064582502301,-52.74366534410065
29.325578999601234,15.567897293319152,45.72853104814628,-28.620665501540934
49.10879960487212,18.070240062656826,105.11467726219618,-41.16566496465414
36.95530499495147,20.476092256238942,68.88086228438951,-33.47829262219997
56.69672548830039,25.091578275191047,116.02832312991137,-62.40176803706408
,24.18990782173546,110.2742062120719,-54.22352659668321
40.60120213672645,23.232421162138692,78.85832627028968,-44.62603454098925
44.861330826633065,28.62208077048471,81.88500499740216,-46.799830408675874
39.40786478111048,19.81029027423555,71.91031903905838,-41.475943109258694
49.37320902726828,26.23076957662896,89.58449889972414,-51.761436940288306
59.551423205012384,38.286786325682385,110.78462432772032,-65.82710006487936
40.14273953664456,21.275135665765124,79.61369617279557,-40.78101294423551
55.040465155178445,40.5286481484912,102.92333041924937,-57.843503339414994
44.697423816275595,25.176260136295518,96.21536828967739,-59.34466726628693
,12.23182204290919,99.01500490811239,-31.80641155486824
48.929696400454425,28.231556305749876,92.05886038720843,-43.485848129371064
,21.72958031231702,81.68919855696629,-41.52908040043124
44.46350694652818,28.68051724367782,93.9238649960857,-44.369411697825186
,22.37651729340555,80.76246485741578,-43.879492810699325
69.6472513291639,34.13134574466308,140.05405533748865,-61.168636940109565
,19.054826578411816,108.1320952230318,-40.86619204585173
43.00274492007414,20.456256173606945,90.82797936695486,-42.21927627884152
52.13979910734222,21.81729728262461,91.90297399141146,-47.0221458864155
48.87671950309171,21.53574250252224,106.44499965007614,-48.00028560842209
47.790304004667775,26.838044024436936,104.45351638200297,-54.47393119904743
56.14166700043425,36.42035602197416,104.65047295908269,-58.20078384525254
57.57507710047305,30.760896199351432,115.52953255542212,-56.91543726661327
44.69498852389472,16.368078951771437,96.22326697590013,-46.96772711761194
,24.343922137877303,86.39049699131279,-45.33508398072838
47.24948302848356,29.607898947470034,105.22874653462723,-47.706480816029135
26.98078835264415,10.441479654725164,77.60030165148191,-27.38518084197146
,16.75395885564265,61.83631842967913,-34.58679692552706
63.66874267444524,31.907812310868607,113.52703931735273,-68.97176800642825
,29.300347002095215,135.93754022607442,-70.03475788065252
47.50963960443622,26.996221971437404,102.23490426013387,-53.93256093293606
55.765569630557664,27.278044072239926,109.22247552266764,-50.876491882126665
53.112501545435364,28.65391299225282,120.75760972408108,-63.64073625463699
80.78880808455237,35.956943153265684,148.19155817187226,-75.02085636796774
61.195749114345766,28.410583055555833,129.32068445900765,-54.26400212803155
48.72082408519233,27.972318831735024,91.38303996279573,-50.23172702010544
40.44459559399574,18.358132036539036,98.08297025006445,-53.46028103313223
,25.602587654879166,87.79622712652974,-35.74208960726073
52.03463635867223,24.019137251263103,96.40270683951098,-52.35555716511632
42.436492547156966,22.341669902337912,79.37741373522813,-47.48948364680153
35.77746290402326,22.55168561137708,80.15080467784453,-38.353554873064475
43.534271157574736,14.67530691412221,83.19723581725432,-35.883295163257976
39.18451996385605,10.788215922024143,77.91492774838972,-35.85988415234734
66.87141635072565,25.80742660251235,133.9967169068754,-71.49423692261615
58.816397569494505,35.721119301883164,98.43606357701245,-66.80439341747166
49.92027358683383,22.200846063954682,99.70216971272528,-51.555360174882686
,45.19071712279139,122.70160503715879,-65.86672528565245
,22.56560354495115,96.61613792895464,-48.2926871396596
41.38715798671736,21.616335509343866,97.21063600812286,-44.06374154955566
,40.32617014918766,117.89741260260057,-62.67374289588726
55.38910043684659,37.725014659218914,118.91025274117295,-45.713330236545445
39.62753845673544,30.121287111549705,76.4654476101528,-35.55003334451413
,30.090137762547673,93.3956247533695,-48.33705575581779
41.24381746615243,25.742221362133527,90.39135389282197,-42.1595698214189
36.172002690356635,21.048636091184232,75.74451832640217,-37.95536836125599
,33.5226931184914,124.22968092282814,-53.358570913055686
,31.79115462070798,147.8701794147312,-72.2307336344578
36.01432426180859,13.91616771379276,68.71556469178395,-35.78821071680868
55.62969236690571,27.797973896398094,105.13701738873391,-55.373702857500284
,20.895864041766224,76.13564335198548,-46.00249527283939
,20.298232834540144,82.00338702491652,-51.99107390177355
44.07606075761131,25.519967616089232,117.64306576830987,-42.46118823952297
41.36009230320184,25.45657219445347,95.16698041377154,-41.665112162478756
50.48521627944827,25.68464257118337,87.45968889681632,-47.98401393226542
41.69049883588962,28.232899823221118,70.15641810434354,-44.35850036808546
52.704568257798385,20.643838558231668,110.22779713278169,-46.60046176373314
,23.780512156355726,104.46788578479693,-53.88148781156785
47.6105195313359,20.221148162653925,100.70987741584545,-39.05031811124644
,11.129498604426711,79.29916882363106,-49.66254592872533
44.23228669431667,21.70273991794484,87.21003078860434,-42.05843637153222
,28.168218587212362,118.3866197581087,-55.17675884562444
55.009171876243805,35.071834654332555,110.87727381542092,-58.986957215948216
40.22444755201449,23.266282198781134,58.25589137655363,-38.10247786270943
,20.375727405500108,99.68864980283259,-44.595729705491465
57.51387123371789,38.02739844852989,106.51367812483265,-68.59796543048822
33.305947188786284,22.758142072019908,68.36400856665769,-30.792223151332212
55.43360192379935,30.627289479242755,140.7197938736328,-67.89995602544974
,20.554460711021605,90.4223414758261,-48.20208642815757
55.70598668593159,23.055797159348398,108.27667651013921,-47.56015486142687
42.367408434574834,19.322670336932152,93.95283188892219,-45.2763186015351
31.95117899335481,21.419332595198334,68.72923685880174,-37.82057881539967
,26.28521934025723,71.65009614685515,-34.71426426609178
50.48084946661382,32.95664237466785,107.03020486538435,-40.141317775796054
52.59722501721482,23.854365399676038,125.75988568272506,-61.755636253244944
40.956833748955916,14.880329708032901,70.60478314465267,-46.21338330715264
56.38592458777374,28.897393528442887,117.50816994366201,-48.89876617187561
33.3847993773104,7.850202860840943,57.505787454805414,-24.096287659621737
49.33920201352684,26.285439577687328,104.23353049047616,-49.85635813497826
37.889838002375434,18.206906069694373,66.59281088988993,-44.085101515008645
,19.410636951647994,82.78960970790597,-33.00242141293261
,17.26347802024809,97.99707428394922,-42.50177475441815
41.39586634716048,23.26593370642882,92.54989988776805,-38.001131408349316
46.154444557701744,20.413718080541315,101.49343355482763,-50.21645630238884
60.0629280921444,24.181879867520763,107.66868241982496,-60.30807479633459
44.231081304768516,7.754229585976011,89.01150371953553,-45.032881709992665
58.35692112065142,29.04088603507253,109.61804369381112,-56.70266459757353
38.702931453423815,28.21272371006063,64.82081380009429,-31.44792426276714
,35.95531696231576,108.42591305406195,-50.90095657346581
64.41568620657901,29.922361820358148,125.74654452859983,-69.8025665915028
25.283554998727105,9.630717197554649,74.83427486090943,-18.401072748629417
42.03104744529523,23.359395003022733,88.39169314419742,-40.46538674522945
55.7707212718054,22.893433439961242,97.76526753606842,-52.33539229251082
47.96954613957007,25.493732568882365,90.29135223743071,-40.63684184317705
53.71145873371309,30.686130758779996,117.63675042172017,-59.26935998128084
43.960148132841795,28.114740185842436,108.80472399438284,-44.13927602637411
50.865897874729,24.932178554964736,85.87196262707842,-53.523170631525076
48.44322764607921,23.203245072154775,78.08721144076796,-56.282524772906484
,26.44899737451623,142.06529298691396,-59.94427072857348
52.54420843301213,22.137702446306765,108.9845586397333,-39.98642567509001
53.37602662075202,25.555618850868377,98.06912592274038,-62.576415343280786
45.881230338775325,24.77744270346855,97.108751538775,-46.04263339402268
45.123937759275066,27.12989201080378,63.89039812838135,-41.9212230839012
45.67441812180379,18.82131430750017,91.38259130957918,-45.05902711352288
53.944521423782966,34.43570355668909,111.16725457599678,-54.51016168636167
45.79015519179737,21.53945959068584,100.82301177897304,-52.286237009026486
52.897748568964126,26.342037812739882,95.65653761500288,-51.73381485426331
,31.640945597488074,142.36488758694236,-74.53782787153402
58.711247034316926,17.234422215793757,108.16824780803798,-69.6608555592097
46.73976467832159,27.790109320966046,96.03336691338636,-40.76680357575294
62.01213922163945,34.690289096281894,115.07081521964867,-57.220210122429236
45.91924626978449,21.552985349301178,87.75748414796676,-45.660941385529085
29.61875464822146,15.144330910235091,49.27935534854063,-28.473381207192947
39.91913689082596,22.539264533933476,86.3496361998885,-34.547546827248155
,7.833311110438009,71.16867274604954,-30.17038250585103
46.48486515958691,20.59716919306198,90.62352461959968,-41.96477738578034
50.184183791895514,29.06341529405689,100.7507475333913,-51.67159479626476
,27.110739445530168,119.04283209917021,-60.2044544298831
53.269273737641626,28.10242652965396,103.54178099521538,-51.665345107978204
47.80899471191136,17.121588332838655,95.11594325340528,-46.83873499388199
58.294055811834895,31.47917781808508,142.79604253396954,-64.64436125539505
27.88864690992115,13.766116043473158,44.65762356210067,-26.453867638412607
52.35614558108566,18.102413711015284,119.3540635496957,-56.51592016855792
,34.678022741720696,125.38589161239742,-60.900065571512144
,13.934110887110547,73.23463912930453,-39.29101568378219
61.43754043206929,26.667508030962743,140.4612857060899,-66.76871509156541
53.38496407494414,27.695328023626786,110.49098287595692,-42.761107059859334
,28.666747177639568,95.58583367866326,-39.19042555104997
56.32781866106285,23.08480023563944,112.12443079195025,-46.72598115034154
72.70692857804396,36.661863538261834,157.64954598027418,-78.82140367582177
,28.05341377694534,114.60201743927874,-51.462393801030494
52.48220586300336,29.7066309678174,98.70763885104459,-58.94974398902384
45.40639100459756,23.585403278684904,77.62031006320744,-48.88486539058288
41.50155630535208,18.91563895725943,80.97330623674759,-46.092191222434955
58.303358165442454,25.01372797947763,108.60633068690845,-52.10543813323464
41.43916174091133,21.15030028568754,82.2430777356691,-43.42031013142013
,19.99713612616893,113.80570609122924,-45.37376570372384
45.223425532348834,8.004960348701381,85.87383451382976,-42.202821084406246
,29.5776981495203,109.15136270181209,-43.27160449693998
53.33662105286948,31.18798473186572,107.25346945382292,-60.7338421685681
60.375399442578995,18.373037543580306,129.23510770721083,-54.079233243645
44.89983601145253,17.401264482176575,67.33077868305901,-39.16763165944889
,26.746396628559133,88.53549834647961,-52.16814483720146
40.21236284217693,30.393658769646958,82.53756260714859,-35.17669615981113
45.55706739923889,22.882502237996484,103.1149243627464,-43.876342584107746
53.77300493044852,23.24648775907859,102.626985385835,-54.91038623021556
57.56988616645352,27.87046087770256,96.37424527248831,-61.68956360131352
40.77834675822375,27.263555474852797,87.75380797610886,-44.37389401546968
58.6960592010566,26.118208704905623,111.0384945138569,-48.44699872212697
63.55637858804951,27.782229260773487,115.21609058519542,-63.552964493262095
54.13434903223701,24.653456905208344,102.02524416734178,-50.223699024579716
68.76795812558066,29.61733602149677,135.69066267460283,-72.72245503391842
42.26210800896427,21.74440558445611,78.47676937254641,-46.161372740072466
37.55345296688583,26.900118775790716,53.05124536278096,-32.143528920636115
32.212797510957216,17.721795121058754,73.39625699078576,-38.960678568714876
64.96044311489183,31.21845404681448,142.66963664257088,-67.03651195441819
56.54365656354058,26.81277193719257,119.60253304047622,-56.37351950817942
49.44415329089545,16.90612260196444,87.51144987754273,-48.887290281695186
52.799686263198204,30.815392017334897,103.58445718692123,-53.69515268827899
38.74510952701623,18.983368778444106,77.42500590173789,-36.766010621536616
74.45751979616827,36.32636033013101,154.90298348795565,-70.99324101707921
51.292211819752275,41.61164374910044,109.26782852668536,-47.619024092455625
51.09394794604893,27.040738514852894,94.8461579043129,-56.02296698938806
57.25766623898692,24.86987786901754,115.33528804210945,-58.67844172863091
,25.273258177655848,114.19298868088667,-48.83627800798244
52.23884024279131,31.86164866737943,119.0359037070503,-47.76560430492195
,21.613979775462262,91.235576289341,-48.9595527029522
54.714683571359956,20.165951894093144,117.3199340164751,-52.95728406959895
68.82024496475033,39.00626715525118,138.47875620879427,-78.71137121162438
63.454200461549775,28.38637980307992,141.0129923751346,-63.219525951247924
,42.33242201428471,135.9613604923829,-56.443031182664086
,27.844161946417316,81.16480736964058,-49.62730682203308
40.10395179741419,17.81536642041334,94.24160329608029,-44.2755670248721
48.74213079900352,30.77614720817732,104.46329432339732,-44.92198189113922
50.557249122886944,25.61790211408049,96.68405803448907,-58.271256698935176
,34.73482596796584,117.08890069542655,-64.10569033413468
33.07535370285181,18.961340937898278,69.11646285711123,-30.093148014943043
65.29550319460614,28.415968322348704,135.22285434188814,-68.46693243305316
48.419921014210104,20.99221134551774,98.81276468473227,-49.59977095026496
45.7311893005258,28.015398738168706,94.57546533548044,-42.01026074895063
39.87895624739832,18.265601463166455,96.75748624056044,-37.77122582971551
33.451433281342304,14.707474324461169,77.61829808503347,-32.117341299865295
58.231705839619146,24.340240023062808,118.36976759188853,-59.92731723596934
50.73317967188404,27.484585163909323,110.87946515144291,-48.88287409553926
37.10039100258946,28.862820097510458,63.87554296990353,-37.71905440308824
37.049212279363836,13.186941568410553,78.07769505819576,-34.76018422973491
,23.442173786913152,111.37736951152854,-49.12681313268861
66.69021525289394,40.40621040352411,131.19997155186414,-67.60306012479164
47.40408648636395,23.3038362869534,86.33183368653705,-52.35387544912402
34.96857046881894,19.74614421565814,63.416252051707275,-35.143608518850115
47.54256935914056,18.45931703883588,84.18880834485724,-51.59757367728478
47.2727643025233,25.777917637299893,86.69790952376957,-52.842996553333265
23.031133570584284,10.579845460269398,42.35718615526828,-21.737827831307342
49.45705133482188,29.657175645810252,84.85843247785733,-48.393352455533574
,29.782257606780362,95.53749273532246,-43.77628602317036
56.96206364813418,41.42885003416016,122.94689903413484,-59.11769149600968
68.48956094945345,37.1429463407946,127.9015600974377,-66.44929671526967
61.26565029547757,32.26180673064962,137.72413982737282,-58.511662434109255
,24.627478055112526,99.73014707417933,-45.087244055293716
38.9347409125833,17.70153899223821,88.17528768140717,-43.06300932659401
75.7335980324986,39.55921823355776,144.88885052647584,-74.98678062114266
50.59218434014488,23.819085119377295,109.72962095095592,-48.771482859871575
50.13929291912946,25.9119513409128,89.3592468343058,-50.10340058458975
49.758749128899964,31.46736224248978,108.41997326616502,-60.19113742075539
,20.95771097744107,105.68008861329243,-51.178399487811156
48.556395880760576,29.977590746025513,102.645303961369,-37.49374068377436
44.26337993119764,28.717265302298145,76.77081380614676,-46.06357627498255
44.53141058759608,21.675362658842644,80.1121227524261,-48.17179607687268
49.672467297840015,14.226959153877035,105.31721677821388,-47.80572449928302
,19.243766208859014,79.6480245350827,-43.00386123632949
42.871542173228356,27.920743819419723,90.37514726744794,-36.907866346146285
51.064302276918966,25.417810826965074,88.45722648923547,-57.353643056463405
47.45022782579145,18.72860275142117,103.38219777824958,-43.79332656291649
65.03992988582688,29.99609033677235,117.75462662396868,-62.08781957956956
23.490301916069882,15.948251090557706,52.503603208935,-24.201034600772612
60.91506851922462,33.19120210061921,128.08644637490926,-59.22163192961617
62.46085192497629,30.03576546663967,117.95398566565683,-57.3135645169845
29.266097675918505,12.798926778885814,64.35246102268428,-24.904520775776255
,21.327771284379146,95.75067075172858,-52.28822061956515
46.28559134004209,18.53074474752853,87.1827641181568,-42.184800406264664
35.92488305282179,26.039319973758104,61.764219264881504,-36.24832607798438
42.22183312409125,19.499314215988925,64.8174093314567,-41.85746263401367
38.894241545341714,25.53291337679834,81.28498356368037,-38.52825659033324
67.52270443423623,41.367932476730374,119.39738115485191,-68.27391937822753
59.35678393147461,34.669946456477106,119.6670098573623,-53.398246445939286
62.71555094994159,29.19967391138055,122.79661973906069,-63.134140749187644
,30.627010771899222,121.22486903524666,-62.814451282348195
38.70948228782771,19.233763111959274,74.39850958075678,-40.677131567676355
44.75479733720226,17.858889364950493,86.21511681093361,-43.86132375314988
54.89374561227918,29.068669214747608,117.10619826744131,-48.74767169079393
37.778721911080545,12.99416199974126,78.90802411300227,-34.76324848633638
57.12998430172388,34.50338909316976,117.42152817527554,-61.3826606954591
47.59674601841865,21.475286522717358,99.88616793492255,-35.170796435024194
46.251791924504026,24.13169424161621,77.14786261693699,-44.92791536961413
57.10959968203492,29.97123919874817,121.78708616393966,-50.73264599203984
54.4426331148604,25.926791688909812,115.00995416985683,-55.20120528274654
46.3903383418092,26.128638178280973,82.61384539785342,-43.72354211828195
61.59329803364248,28.42213073370862,120.74579133054296,-57.39595551105046
39.189366724001026,23.951169849286735,77.98566057172575,-33.098393165229744
56.15935606944264,21.349779633487575,110.97374429486794,-50.872514542551514
,28.59740418757398,115.20062482505303,-51.570027579318946
46.904535606860094,33.14691279872147,108.12273903203203,-48.479969262830636
53.26133022242118,21.629008488182716,117.34032772157065,-56.120060432201484
37.488864236146966,15.355707265449226,61.85553653797987,-35.82582668452598
,32.18967434432908,124.70124028719852,-54.57462983036366
48.15097863557011,24.973398227483045,109.59129046649431,-49.26458213945315
44.772769794809605,24.139535393772597,93.41362479651124,-39.44690996623767
60.49009225836889,32.690981779922765,131.88998876859745,-53.227008530937994
,24.651888890095055,106.03583064615248,-47.538167689939506
,23.506192727963317,82.06786953379861,-40.0999905553458
34.433708264760966,19.265947417023046,71.36050248593922,-35.135583559287646
56.06009951345639,26.823761483635483,122.57108376776031,-54.52203617251041
37.19570647503717,21.96072174353224,75.84029128104325,-39.81854154387243
67.54794181984364,43.2733805843979,135.33491407253683,-60.786928425507924
,13.927184228668523,54.847269485188235,-27.060371613570524
66.96456368290038,28.60963531809698,149.56326095412183,-66.76732844169668
52.11017467202618,31.590490682447957,96.03606268463236,-59.28972229136882
49.032868881296075,23.914528620880045,113.38941500937331,-55.61194796343361
,11.412056835885071,94.10025950122473,-43.14576288050147
,31.23278895751246,93.989660539022,-64.65433927429488
,22.135185558106144,102.92379888141726,-44.56046592753116
61.03301882016522,30.063842998561803,101.06577256381419,-61.82378804202682
,27.231039896155274,108.53963314155115,-34.92681163864673
51.50301761461878,26.70400720620472,111.85835005912746,-39.96343636153823
46.36387787786144,26.72919802462592,86.80419619920235,-47.27112322409902
49.43054376278933,22.537840028545446,100.09656448513448,-49.9622287754459
,29.104537835340707,125.69760971534404,-48.10011011891044
,15.151424648797288,60.73916510424813,-24.38245302384356
36.518145778942866,21.953125293908947,62.447215687319726,-44.70829106612295
57.43264094022715,31.793157890178843,129.6819159050803,-66.36451826700059
51.708654381279416,21.17713368041673,123.04318066786678,-54.81882840905132
48.16016663647321,29.509993899111763,96.35728999142489,-45.24647872060388
50.184339330653934,22.412352439756727,110.48330901539143,-47.69997137811595
53.47581705361671,30.77819751821408,120.36639326254223,-48.126959778697454
,24.137638165459897,81.77996406842894,-50.60089083873293
42.216952745976876,30.29939475696405,79.58084713827506,-53.797672060821256
51.958452550976816,24.861896363629146,116.22565023350099,-47.66838157446609
40.21627222384968,18.361552131333852,97.28268723478445,-44.35725358867585
54.082527557144715,26.944165749133695,113.79386371603297,-64.1749668790879
,14.971183064639424,57.150184380222655,-32.24884522782469
60.291556373256434,34.14548769633846,140.45372386350726,-56.325677932163046
,19.281434369882277,104.14224067014122,-55.33626048473682
52.56029734313876,21.011736575837606,101.769216874563,-54.8495392740512
59.82690983945514,24.574440311831605,123.0771980238065,-60.62372100018467
66.65474444462576,38.07891018218076,148.85109309639927,-68.50765825662968
60.1437006501813,38.624917188000275,128.82716106588484,-66.88393620988214
31.591257686683548,15.273382750654417,67.33117037698621,-35.164661071635706
37.204230332642986,17.75800655037144,79.04134596646703,-34.597830807573914
,22.226167927087513,87.93877513252109,-42.143421516160714
,30.939846764095122,106.10321614940173,-49.42061147227424
55.17659020469123,22.951529431392743,85.05757963243943,-60.15233261395813
42.742561868465344,22.563125847906598,82.5190491462327,-43.65007767914368
51.86766764477078,30.809821971297538,106.14855463870937,-62.75299287698506
,23.728556187932615,73.3822005167385,-41.55378735703983
43.884821970080516,22.890319068033975,91.63287711827664,-36.74053343101268
35.93338903151778,22.971924978594593,69.82206585317434,-43.30404969172831
,6.867672304449291,99.09009206093681,-43.69730590547973
36.48315394383666,21.63095356957287,88.6965051398219,-34.83762005028601
40.241267470226674,16.85025531947622,75.82447924927172,-33.97705429808926
60.536417966078396,21.115044498756916,119.56445881648983,-62.77754104757914
,22.80901855346519,80.27254656727722,-43.96726275801005
76.32382064837391,45.030203050001745,148.1310465351516,-86.16843636045432
,26.779346931265987,111.81660785789906,-54.41598836226836
51.84836123694874,30.688553354489063,96.11390178502158,-41.637981036230016
41.41642219818787,28.76960238903716,71.52669104700047,-40.02962988836449
57.00309879408991,35.07612166496519,120.2333098271825,-57.11449369000847
,30.321633515668097,94.78253931746264,-42.633210183787334
51.220098146453616,29.32068652858627,94.3970386963073,-51.275558166196625
75.60084538268795,38.17759088585194,160.1552450730019,-79.6659172439886
,16.50987144189091,91.76302471385368,-44.923001424364976
,29.516054190778636,125.51711890609333,-60.36392564729799
42.96823574874112,17.267884897789603,94.1399116236068,-42.880169489072834
,35.67977113500426,98.96410454302362,-54.52694523142163
67.7080063563551,32.974574116015866,139.96342183412153,-61.190466696681305
,22.48118874498359,82.29636240536892,-40.40681569545677
,36.81966967018698,134.2843053256576,-70.8890897668058
57.07751935455475,28.756771909139644,112.0964444003061,-52.06839508614507
44.37533224105732,30.662921322682426,81.28488101671226,-46.863186432983355
56.32407739055521,25.048791886605343,110.8804131499526,-60.23409485311039
59.7255444962673,30.835809524319863,103.96490600389713,-63.52406008366873
56.21809962217196,24.39669688259574,107.52466177292288,-65.07344238761242
34.297752801095434,10.548763844444188,65.74675066849416,-31.940040899004405
42.728628241751316,18.30546866634923,82.89545895854883,-51.884352633443065
47.52481364448495,23.577222837000416,92.63465283026211,-53.667032800813764
49.25566570899954,22.481321731913468,97.89368941939779,-59.63360575439221
56.20672097550678,24.64125558838411,117.20785713187419,-56.63706943946124
51.777010009332535,18.8569176863071,112.2991907599903,-52.5286123106919
36.64655641289899,17.90775034330602,66.79546055731531,-38.280037478830806
53.801978510059634,19.377387384874805,95.57194846622782,-59.01486698341252
56.10585745283823,31.85320854486713,101.79127078324544,-61.96702622002143
55.5979044793104,28.211151004327718,106.32377974667153,-53.27605516157753
60.807807255546216,23.116146130448456,118.09640133292734,-63.56056691408865
58.33922154548904,27.6235653874952,108.9784824290035,-56.75742993780832
,23.535118368189266,96.22243494206978,-59.01804422290548
49.29834288541353,26.245043994802668,94.03547749608518,-48.39302917155812
,23.397447562535767,68.5950475308199,-26.874000478259774
54.29618219132586,17.77222874743421,114.54265904100737,-51.36535318936195
52.076876871631114,26.613568831552644,98.57952321217901,-54.138945962713514
52.715788371953735,25.557230208143665,101.30159852247313,-51.4297935201741
37.232514241796906,21.97295750315078,65.1980453951207,-38.43584011444797
39.189434595917376,20.660700439147135,78.064477488087,-39.15003367244373
,26.505917607970424,112.57877072474993,-62.15958379407156
49.60444846143345,23.206954552383635,104.9401750552789,-50.42612449086041
56.81500697372624,24.427374202845677,95.77134902811137,-55.754540208355365
50.28318376130459,30.521627573645286,96.97007079808456,-55.24997725921435
50.297561394957434,25.255338940838428,103.60619618183229,-55.37695552990733
59.382838059759976,39.19737245864503,120.604021282745,-66.32555082891604
,22.116472289840026,116.60944207545748,-52.84090824034481
50.96120776940983,21.938570050152602,105.42041578449874,-57.04762123051223
45.377247112949576,15.120051593410652,80.71394825747905,-44.57993457892893
45.65503772567684,13.811820481558696,90.35543298046295,-50.11897530313626
46.908278765313604,15.533459667629353,76.05409419596269,-44.34020644415812
52.221337716337125,27.44630211322598,103.63667793970664,-52.04776897257432
45.21251378336523,25.149882007832286,82.09446699672287,-55.0550348505555
,23.372827117706937,134.26902526707204,-59.28268333462676
41.05392697780496,25.00215505928306,76.61245120965458,-36.99993374984641
,21.650336520776005,95.09490795882034,-53.10059693256068
45.60268941725825,23.53530976855687,84.84980042047246,-43.50173170278329
,40.295992563045786,146.32807120560796,-68.75227003058332
51.965547765115744,30.46697046188553,100.71866786905237,-51.477195881374065
60.31844539468635,28.816569457814012,138.9624612241647,-66.64093742946118
35.14439626963028,13.116237007738702,78.43031016044321,-44.10992853230316
,15.57617432269977,110.16167259073904,-54.584588606757436
58.896307956234374,25.852387381905086,121.47994738564394,-59.514952687608556
,24.355768752238646,105.583652767671,-52.81123836082726
60.654803750653514,25.39150423957084,102.03288170785092,-66.57495654176631
44.82711549899628,21.757272914036616,86.865397056485,-46.82661080965196
64.0934744018558,32.43099661572174,136.6385285155548,-62.74700063895213
72.9889812361925,35.370210709055854,145.48899063764395,-73.21344638680519
,19.935794293684406,78.69133032317107,-45.45910924260734
45.54497478599228,23.61576075282978,90.56590506620987,-48.89555078826345
64.53384477117702,34.47662563343555,146.10874470490893,-58.675255197596215
,27.44586534143933,144.06036006996143,-71.67658814008102
44.771399728467316,29.440361762965008,88.92275936327431,-42.33359824303372
45.798131829041424,22.406125253099404,101.1107564286637,-39.88867636424162
47.18215391139493,23.6853250704217,90.69923761910934,-44.77761344765045
36.55549488965723,21.818819561111404,56.072273911047276,-37.568116024981386
40.81348053515802,21.57282092389652,72.3823011890205,-43.45496576847292
39.95859233247932,24.744979335805887,95.54607235004062,-34.77815407724804
42.32202434895871,22.596633000488477,81.90411787962438,-49.43689897526708
,21.764388689863903,96.87246245851419,-54.5037724280304
52.342147325365204,27.978591288713112,101.6859126879816,-54.32993615282381
65.50500492814076,27.033871427467073,150.0513757520116,-59.31673614058077
40.016459592612094,20.551028325188664,96.29250833884481,-38.117621412407615
,29.755462039160612,141.874250304013,-64.68345277731706
47.86011155774491,22.889471492509756,94.1297710114893,-49.411650084669425
49.50536290347567,24.10999389454318,101.96697069442229,-52.576978623957146
,18.96485223334482,98.32996434912415,-60.29713988283371
38.772779784377015,16.6427653534837,92.31490382993678,-33.87833199159312
53.82409746184051,27.376273236625828,95.97039941100167,-60.68281310815804
51.66452208213056,26.631543001052282,105.4967998018874,-43.62061780345869
54.92451264008149,22.323880615410953,98.87600000383453,-50.78336418915838
52.89168643907818,32.77438242386259,99.8947046107694,-47.43737808605969
74.55300139910894,32.94562645848197,140.73337848772087,-76.86769895923523
43.62260015748684,26.658586081377106,81.16644770821551,-44.37230375288239
,24.480987034349337,83.98883386847386,-51.855789522605384
43.76859473575236,18.653160818657163,82.05450152225394,-46.391906771086376
44.44522880839745,31.099168867246284,97.22379673459798,-41.9769545701817
43.62612872693482,15.844880204685012,76.20362952324444,-37.14581341802784
61.89016531107552,35.54085352358777,125.98574489228972,-67.42594939508778
64.20504247989855,37.10543283016417,140.5896764828527,-66.03257216482488
44.29253706250524,18.793167485869397,83.45311047987651,-45.04903316366785
,27.8005486348005,76.1736996304394,-48.655390279920134
54.71415556386404,26.106845208937255,107.12306487592556,-51.75740935507204
44.477769557190285,23.68235292499443,100.75279119798768,-48.097721215903334
56.32931817755511,29.466268282633656,114.59971266464379,-57.30626993344023
52.029230208513,25.34307139690376,98.74631747095002,-54.288977068072384
34.84255885002768,21.475320790812752,74.52388421193575,-38.78925137862605
65.47505201330061,36.70496960941137,119.92718252823698,-65.51027694070339
67.95877673095522,25.236728499286706,142.73114856633993,-69.03682462379534
43.87211309515614,28.457757761968832,91.83029926732995,-45.731402506549465
,14.749032260141707,89.16788408989147,-49.76529250904187
52.85865390724905,31.59205797533281,97.33144983002579,-51.26103055333427
53.34456789987025,32.30580963407304,97.82232657690592,-45.076481557408826
,22.83788921228816,118.5190588169157,-55.886006562532664
70.1020453876635,32.99695125405882,152.49389580021762,-65.12145431310785
48.2305277250595,18.586740520100072,90.08797797983105,-55.18163735082682
42.01702755461546,19.933908625864053,88.61792214474576,-41.228220358146615
36.20680771985473,16.563232438998657,51.54334525368877,-41.693649314710065
,25.243652461637105,79.53522189458963,-50.07532423824031
49.66873027126203,31.38590886622906,99.02687121381504,-53.36558730855721
67.94557863517788,40.95120837153872,126.79432310053743,-61.98608196311002
44.823887009638284,19.601103371927632,80.28271027138061,-40.07380786629005
52.237879516388986,25.072830389471854,97.79796346808911,-51.02285590611699
,16.50069455853149,102.59346936180869,-57.49927383872213
61.88393273448084,26.912616034759473,121.89457528489793,-62.86533599142052
75.26932425873622,42.458920294855396,128.1563361842227,-73.76082421422754
44.69131227079679,30.423570253139555,68.17562301524292,-43.8136311229038
45.10560557481778,16.38105842800928,84.14255937106381,-54.32457349222151
,27.25848308958089,125.46008340191696,-64.89319801079009
56.81891489626312,28.277428663336924,86.16278136527389,-57.1393037170067
68.46707325736034,35.634342422778204,131.93684475320438,-65.7856187097744
55.83928185325964,23.87162332702159,106.41608514134508,-66.81992095875937
46.40707909212941,25.32384476838515,106.6975359663433,-47.2176989695287
55.90654830692309,25.584077418106965,107.96287849671755,-55.19130445752833
61.087035805829075,30.47125654852314,126.00396145906744,-56.83897586324801
58.204821811973645,31.83383214600532,117.82221502482192,-54.74053389078646
55.07274031107298,27.568481504591176,88.83981582407395,-52.15988371702895
60.66674689589154,28.151443995312928,129.01556595810047,-64.66644942940121
61.692955904456724,30.298428932599208,125.53987686347632,-71.23296659007326
63.82158991037527,31.46898015916096,132.72586621749645,-65.78685369568228
56.48709887589643,26.393494288537575,152.23657481615612,-51.47893974985363
48.328819196831454,22.870429285080213,75.81650899867702,-41.361546559209295
51.46713686433323,33.726804284690196,120.18124022627754,-47.9143913528443
,33.83714207224798,121.25570413616359,-59.9183855510749
41.83064329012764,19.437920054918017,86.53457562428537,-39.93244504819781
,30.328138566918184,106.9183437244456,-56.46732682253292
46.06661187672639,21.364208489583145,87.89086041947235,-46.71691334449449
50.28744822934817,31.009347302607292,94.87656717630875,-41.94210060021651
62.78451862607299,33.24047027402696,128.86412460787608,-67.49730865503237
51.910990680199035,25.418984620078373,88.65024439368128,-43.837096726649776
50.46436548156149,27.47076736983213,108.43452263834062,-52.07450625402178
36.401438590200804,10.346338534757905,68.64093313154908,-29.774278044725413
57.46253566027221,23.09743048558708,103.62437793014084,-64.4966107077599
56.45484181141075,22.257795873710098,108.40955504286336,-53.525320805587505
71.6325472330546,36.530989090345834,155.8365866347349,-75.31639791279271
46.922217650469996,32.12368382266045,88.49108443077776,-53.99855361009094
52.19150327663939,37.25225236928286,107.96754273537498,-51.09883306458466
52.49383683710755,29.437173925757563,97.67811091706037,-47.44647789412771
65.77453279763475,35.391488773539656,139.1282840945057,-69.99923999060223
49.047044676130476,15.518233667301542,104.949166740163,-56.54212447842248
52.790215257703395,23.681738630181588,124.0665188483709,-53.24943907937817
56.078965097165394,24.1005637890415,110.40229073933864,-56.5161417410513
51.86609123156358,22.82880762452621,110.41873051070623,-49.12449309379109
45.535663854494715,21.92711283432341,92.05200310437887,-40.78769099767227
51.94089992898308,23.609997076005904,116.8405176765963,-52.23797583534555
60.73631749859772,20.471659697419923,114.28431112110813,-51.4588009246264
,23.60697478353237,86.9197471405516,-38.61367328321294
,20.30113324203535,100.7124205217707,-53.06182927150326
42.99879185060827,22.69563024585988,85.35570193013156,-51.05662864612241
61.950466289248425,41.345646493374076,124.81845742298057,-63.26376389082926
34.76813095216225,12.78714251814901,72.05866586859128,-36.450065679217936
44.410781527284115,9.55395314991041,87.65927262334866,-39.609257545876766
,25.45603826592205,109.69136933299566,-51.459700630310934
65.65524029234341,38.33241832116456,147.09166116030866,-71.5520859005065
49.34249738927012,34.46298596573803,108.53949163469242,-48.48122545721493
44.44800473306802,16.076254394271924,97.587555391105,-41.09034887442275
68.8115706944059,36.88928146338556,133.0677461285731,-61.171413897466735
35.51986099583756,15.433378214018514,62.14731370939188,-31.082341158767264
28.011940433799182,13.476228445378913,65.57688644997589,-24.207707162241793
54.40014450053332,40.42178898535184,117.56075692636459,-54.09971452745751
44.97945775647389,14.974877236261179,104.6856222704576,-43.037897729356644
,21.1625342218193,73.53553739769343,-33.540147325162074
57.08356447299353,30.880248095323932,111.87164239238359,-63.74745146039178
,31.647935193552733,88.48117265016964,-54.18520377379677
44.359213692632714,22.669522613670836,84.7937163246567,-48.22205743641392
37.19695601329106,20.13873070416604,84.35961713237658,-35.301190419660436
58.724573282801444,27.404043804291767,112.78419277332091,-52.573462404547506
,29.59664059601884,119.40882151118146,-59.48688321319198
49.00824136220617,22.788159303616034,96.11145166443423,-60.959763199553365
68.46636996047665,37.34104442951858,140.1733102031689,-70.527473685599
39.29915233673847,17.801524488151067,67.12139077532026,-34.73178367665144
34.74474829075261,19.25787611488724,70.34159107784423,-32.05659877600321
,21.394145582168886,56.250478893367884,-40.939988062134674
49.54413983644502,30.40232117208335,97.2193180912702,-50.94410634581742
,25.95972862867103,88.56205654930244,-58.82854817432585
47.5876394214367,14.928657369683942,107.23522400834156,-45.01116781331436
53.520553965142966,33.06988448614144,114.81518145793105,-57.69196301531609
37.484605758095555,14.213641374734681,79.63592133585192,-26.564122091193273
64.4376460407326,28.949991327122202,144.08535435305902,-61.58510999896002
49.178488216074314,21.610937637819696,88.86781122390025,-52.08172972884407
,37.45866962379473,139.81954861091813,-64.22988455282442
53.42725346377704,16.03525566199504,116.17642257015794,-53.89197449684498
54.567532191537836,42.97250876406889,106.76951151088622,-55.76504180164658
,33.12912044649128,122.75154707647351,-50.113503924672266
54.47708560017315,28.354737370732373,97.89123607622996,-53.545004751452915
56.42722759867544,27.939143796256285,104.60931358207414,-60.08538629321808
63.29152530132431,33.07353302495044,120.49715337025162,-53.8393218755454
51.9652116970147,28.588217990404043,98.64064631338925,-51.71867003941359
57.09003757588512,31.771096717692846,103.61449872416772,-53.245839196040635
49.102643057127736,27.32934385858111,110.43611678520872,-52.14377559435153
64.40117215449473,32.64848948352361,126.21380030529114,-62.58559401577212
43.2360769794073,20.63134638816702,89.9972036423834,-41.680527023691326
68.00940432910815,33.248335746286514,130.3152949940795,-77.45765078958891
49.59842049355657,23.824668845014877,80.99080798162797,-39.52204494125337
35.69224897881952,23.514974973745083,74.08507154155326,-29.239026674206784
51.28104414910789,28.608305685958257,83.439538544018,-53.26702072983783
43.18948342525119,6.892798539304193,85.6926263896477,-48.70083212753047
58.406435489887244,32.482721627592426,103.12972059144639,-56.668627420869484
,22.71056107708192,106.82028040626025,-43.040271709904104
45.538165667852205,22.675539051696614,100.18995855745163,-43.75982092503606
31.104592690544692,13.609704079827917,63.26672329380419,-30.146705709574245
45.47693680750923,28.359032003684682,103.59094039156516,-42.945731860979606
25.761206733710434,17.618235677469507,43.05925369276351,-18.524678236751402
34.16097176514277,13.216097543453339,73.75673731698647,-31.320455739499536
57.604146561442974,30.837334716344163,117.20639746007308,-62.85242405599268
57.85800158650832,24.070717120547734,118.35620398635335,-51.04518732294606
54.254575617849646,20.22919698498017,121.23268623676697,-46.05150280040821
40.33023856870787,17.03153316140411,87.98539816521377,-24.569954896147443
49.5228864385802,29.073410581203895,101.93300950541064,-55.14035660477819
,29.747612531427592,83.37907485590567,-48.74956454334294
,21.773603654523754,67.23224326335452,-48.82684662401951
65.0339830176715,36.14247044307574,128.84087669938577,-62.26823723577546
58.77362290575672,31.96770288845315,118.48096955427995,-61.51462439659058
47.79035826170336,20.687771154736918,84.27867927666748,-38.1731292875786
50.26885838994531,27.29404191834236,124.65448353567483,-54.14193324003822
52.08382807947552,30.043961665876175,119.33159671148678,-60.52974326931183
29.582651315757094,18.56278230694642,65.18648583543903,-31.938970019269693
47.52822617479403,29.70867994477023,95.7768209624255,-57.40566503087972
,25.131597996016325,84.2382253410325,-39.42466024748546
39.983799901050844,21.749140988233336,70.44841520187933,-50.30921513233245
,28.945249727152362,95.15279932746952,-47.046709165224655
67.97686526849523,33.855826338002316,138.53125593841796,-78.36592436777622
56.4084286126701,23.79484105019646,100.39925147052395,-58.00991763535331
,21.328770231367194,91.91818437679304,-36.07131932314936
55.72582781356159,24.138400682748546,109.89906513887568,-53.92258835638261
